0.0028517,0.0041998
0.87534,0.31748
7.6077,7.8536
0.0054719,0.0061352
0.061085,0.06333
0.0050625,0.0065791
0.081806,0.19072
0.0026676,0.0011794
0.0038137,0.00693
8.7776,2.7871
0.0078127,0.0034076
0.024981,0.05518
0.081869,0.093722
0.00411,0.0059658
0.17427,3.1275
7.9765,9.1074
0.048569,0.031493
0.0047995,0.0099659
0.070268,0.42031
3.197,3.9581
0.018082,0.049411
0.78705,0.25865
0.0025136,0.0088265
7.6271,1.7065
0.0077454,0.0036527
0.0039366,0.0052515
0.88552,0.94147
9.5348,9.6601
8.9713,0.91131
3.8667,6.5402
0.0022546,0.0088575
0.00084444,0.0063811
0.097017,0.058697
0.0031902,0.00021331
7.5478,0.061415
0.078897,0.88184
0.0090554,0.080368
7.9917,9.2783
0.13257,2.468
0.070735,0.059893
0.96816,0.18739
0.058328,0.071237
0.21065,0.33953
6.9165,0.28631
3.9051,4.331
0.16224,0.63537
0.57357,3.8311
0.24627,0.47847
0.0019336,0.0068959
0.015103,0.079172
0.056763,0.041027
0.023584,0.0069384
0.0099486,0.0051222
0.024916,0.21246
6.8375,0.98413
0.89915,7.0397
0.045198,0.048529
0.0095312,0.0039988
0.014473,0.040675
0.0045489,0.00054482
0.1279,4.6728
5.1445,5.2239
2.7772,4.4223
8.1687,4.5678
0.0057544,0.00025891
2.7814,4.9841
0.0072102,0.0001071
0.0081152,0.099694
0.0047782,0.0096287
0.0006883,0.0068944
0.042737,0.098002
0.0011931,0.0020839
3.4837,5.0987
0.59766,0.98233
4.2155,0.75507
0.003004,0.0068767
2.2022,7.2484
0.088729,0.099573
0.64714,0.049129
0.0051556,0.0093221
0.048502,0.082866
0.0034456,0.003144
0.001848,0.0047928
0.0010482,0.0079128
0.072475,0.0036825
0.33343,0.70674
7.0657e-05,0.0032995
0.92714,0.29946
6.2446,7.2215
0.087992,0.054762
0.352,0.22122
0.051958,0.71078
0.77899,0.014906
0.082129,0.021812
0.31859,0.69914
0.0077429,0.00072595
0.93621,0.20276
0.00033046,0.054106
5.565,5.3923
0.0076741,0.0043023
3.711,3.7038
0.40159,0.97473
0.054556,0.082838
0.078144,0.03503
0.23231,0.93475
7.1438,3.6922
0.53024,9.0407
0.10704,0.11835
0.0069799,0.005345
0.0012286,0.0086602
0.061246,0.098482
0.022483,0.078009
5.6528,9.5823
0.069076,0.055501
7.5782,3.7914
9.099,0.85054
0.76627,0.17869
0.052709,0.076642
0.0056645,0.0064025
0.0058583,0.0071165
0.0034007,0.00566
0.0014348,0.008822
9.1081,1.5064
0.045196,0.026108
0.001275,0.00084832
1.7692,0.018293
5.9037,2.6774
9.0148,1.2803
1.0322,2.3229
6.2552,4.3258
0.0067796,0.0060069
0.007321,0.04791
0.052125,0.016546
0.52118,8.0523
7.4754,1.4942
8.4567,9.5059
0.0058878,0.00018984
0.016282,0.020392
0.0051565,0.0080507
0.75282,0.69417
0.0064165,0.0026188
0.086518,0.070078
0.0088664,0.0046645
0.67999,0.89356
0.055785,0.51117
2.5481,4.8354
0.014945,0.081023
0.0098934,0.0059476
8.1237,9.1327
0.84389,7.4774
0.017517,0.054394
0.0643,0.019058
5.6905,7.5774
0.051585,0.05313
0.0089085,0.0080274
0.008675,0.0089816
0.00029658,0.0069137
0.14394,0.46262
0.1109,0.011748
1.972,1.502
0.074524,0.031195
0.094524,0.078485
0.016979,0.031513
0.018777,0.034006
0.72064,0.59995
2.3131,9.5921
0.0036024,0.0071022
0.0066063,0.90604
0.069945,0.51419
0.049571,0.098305
0.30251,2.2468
0.0053529,0.0043694
0.0422,0.048534
0.0093528,0.0091205
0.0010383,0.0095896
0.031165,0.010234
5.8515,1.3151
0.0056613,0.018008
0.0087177,0.0030913
0.057854,0.083054
0.0011366,0.0014749
0.090588,0.080995
0.3987,8.358
0.662,0.63059
0.075751,0.051436
0.0024832,0.074865
0.011565,0.036717
0.28989,0.80948
2.0587,0.87385
6.1669,3.1878
0.61162,0.54344
0.0011086,0.0070349
6.814,1.2596
3.9371,2.0658
0.0035384,0.0050301
5.8866,6.3416
0.090168,0.0081475
0.052427,0.06825
0.99684,0.75525
4.7906,9.2035
5.4382,8.9802
0.49156,0.74473
0.012376,0.0077392
0.54751,0.36341
0.028108,0.09282
0.081792,0.89503
3.8199,7.8936
0.15457,0.89184
7.5712,2.6316
0.009873,0.0030422
0.046166,0.026825
0.0055253,0.00020583
0.0057694,0.0013993
0.72941,0.26436
0.0059778,0.0030875
0.031889,0.069543
0.0034643,0.0035197
0.0044149,0.0013537
0.82074,9.354
0.05523,0.035227
0.00038058,0.001386
4.0964,6.102
0.0056961,0.0019417
2.0326,3.5449
0.0064811,0.00064316
0.91604,0.90997
9.5946,6.0848
0.0032506,0.0075504
0.066755,0.049738
0.042766,0.032471
0.079231,0.044387
0.0041936,0.0037004
0.002109,0.0013052
0.064691,0.070474
7.1591,0.11317
0.0011116,0.0058515
9.7359,4.2179
0.16381,0.29596
7.5376,1.3442
0.0013286,0.0093727
4.3854,2.3375
0.042412,0.024259
0.0049127,0.0041101
0.46974,0.12748
0.0054674,0.0050287
0.40341,0.89775
0.97551,0.66368
2.8969,1.4428
5.7426,4.6469
0.9245,0.96637
0.0026129,0.0044538
0.099168,0.014128
6.6888,9.1195
0.066803,0.071219
0.5108,0.75796
0.056156,0.036645
0.0051646,0.006466
0.00061674,0.0031176
0.22821,0.43211
0.22727,0.25024
0.005563,0.0071804
2.4658,5.8529
0.052276,0.08925
0.0020611,0.0075896
0.669,0.07147
0.51576,9.7087
0.39066,0.44646
0.0036117,0.000518
0.079083,0.030326
8.7618,6.3091
0.0012233,0.0081517
0.37511,0.41805
0.092525,0.54214
0.0071867,0.0080598
0.0069978,0.0033218
0.59104,0.89992
0.056412,0.028059
0.0099923,0.0059961
0.0085082,0.059597
9.6542,5.0747
0.74247,6.0148
0.0071145,0.027561
7.4964,4.6306
0.0017382,0.0090975
0.0069332,0.075008
5.711,7.8884
0.82828,0.54832
0.0054092,0.01098
8.4461,2.2207
0.0045414,0.00072019
6.4439e-05,0.0023477
0.043977,0.077695
0.48732,0.90977
0.27569,0.27862
0.4415,0.0091945
0.0084317,0.028177
0.0018005,0.0012366
0.0086589,0.0095246
0.082643,0.019765
0.035067,0.053793
0.75924,0.3958
0.49458,0.67856
0.32849,0.91765
0.020068,0.087564
7.7515,9.5234
5.0599,6.8169
0.0044575,0.0022083
7.4527,7.2802
0.50653,0.96462
2.4889,7.9324
0.0053736,0.00010995
0.014731,0.043309
8.7385,6.9261
0.7581,0.36533
0.071116,0.057681
2.8926,2.9694
0.0097064,0.0088453
0.056405,0.059956
0.07045,0.089873
0.022737,0.7467
8.8449,8.3055
5.3343,5.7936
9.7233,6.9249
0.0012937,0.0063019
0.079521,0.098989
7.107,8.7955
0.0078192,0.0061893
0.53914,0.721
0.0064434,0.0016028
0.0048033,0.0059472
0.0014896,0.0023453
0.0073255,0.0054197
5.8795,5.2072
0.8029,0.88497
6.9807,5.9158
0.071124,0.049845
5.0502,3.3525
0.021053,0.040217
0.35053,0.72862
0.73603,0.52913
0.066361,0.041552
0.50023,0.53392
0.39987,0.21114
0.6357,0.89693
0.065398,0.080687
0.10883,0.66983
0.024175,0.0093968
0.042854,0.011321
0.033155,0.043013
9.1876,3.1312
0.9489,0.69945
3.9951,9.0844
0.39285,0.17711
0.10693,0.916
0.07603,0.08659
6.8485,9.2631
0.56359,0.19675
0.0041106,0.005466
0.5006,0.14586
0.00048695,0.0026055
0.01917,0.033173
0.049227,0.067202
0.0029117,0.0037366
0.29194,0.82584
0.0010232,0.0092595
0.04139,0.079422
0.0071317,0.0073152
9.7986,9.093
0.0063635,0.0076276
0.021469,0.010925
0.036724,0.084415
0.82743,0.50578
0.07863,0.0035795
0.0061533,0.00055969
0.008078,0.00015708
6.53,2.7328
1.2753,5.1022
0.48872,0.85701
0.0027461,0.0013389
0.056328,0.058663
0.039855,0.06453
0.0099558,0.0048224
0.0087431,0.0097671
0.57333,0.74026
0.58675,0.19608
0.0084759,0.003362
0.00058202,0.0017884
1.2545,2.3105
0.19917,0.63097
9.9671,4.0926
0.0052434,0.00049433
5.5862,7.4169
0.055164,0.014681
9.8138,4.21
0.0029592,0.0079329
0.098585,0.022972
4.2719,8.2848
3.272,9.5345
0.0093908,0.0086035
0.39897,3.3005
0.00018054,0.0039013
0.096123,0.026897
0.28821,0.90536
0.0082134,0.0031788
8.5887,0.023553
0.0091487,0.0066764
0.0036942,0.00036921
0.0063957,0.0099977
4.5418,2.3963
0.29971,0.76793
0.89093,0.30605
0.77903,0.55382
0.11593,0.61743
0.017499,0.0078477
6.9157,4.977
8.5645,7.228
0.0053778,0.0066482
0.025257,0.069181
0.62787,0.071326
0.017917,0.072036
0.092138,0.043508
0.098867,0.027232
0.072432,0.061128
0.74856,0.70553
0.0080948,0.0066689
0.65668,0.794
3.6272,4.6246
0.84672,0.24837
0.001022,0.075689
0.046988,0.034411
4.0248,1.7399
0.0096632,0.00033884
0.00678,0.0017257
0.0090668,0.0084661
0.33789,0.70822
4.1848,8.3239
0.062409,0.080162
0.46293,0.14571
0.71766,0.39539
0.0010934,0.008752
6.1792,3.9207
0.0080037,0.0036363
0.0021841,0.0047759
0.02579,0.034473
0.0044343,0.0011607
7.1711,9.8806
0.013189,0.017999
0.059301,0.066392
5.5069,5.8119
0.00089219,0.0039585
0.0025553,0.0076049
0.070072,0.010756
0.32826,0.042389
0.98512,0.61392
6.492,4.4608
6.0881,8.6769
2.5909,0.51397
4.008,2.6564
0.0059032,0.0042173
3.3318,3.8567
0.62921,0.35133
0.40621,0.58326
4.1349,2.5482
2.4754,4.973
4.1532,2.4066
0.030106,0.087821
2.579,7.9117
7.236,6.82
0.46236,0.47197
0.77401,0.28676
0.78758,0.7521
0.073027,0.0097546
0.0043652,0.00098478
0.084997,0.083401
0.087433,0.059385
4.984,4.6675
0.0048951,0.005476
0.98433,0.29961
3.4095,0.48463
0.086213,0.016834
2.7347,7.9126
0.0022556,0.005096
0.51881,0.93325
0.27187,0.8419
0.0031098,0.095662
0.3834,0.42447
0.022315,0.071201
0.0092079,0.0055816
0.063733,0.056903
0.034249,0.07048
0.020487,0.07413
0.8849,0.50939
5.9024,5.2778
6.4109,0.39929
0.0043224,0.0068261
0.0077903,0.0070797
0.09593,0.068771
0.1765,0.40626
0.9721,0.58757
0.13856,0.13389
0.68762,0.85223
0.0089805,0.0061009
0.001046,0.0037843
0.047083,0.017693
0.0013356,0.0024735
0.0056813,0.0096741
0.93287,0.13687
0.0071421,0.029987
0.85585,0.049073
2.8219,5.6102
0.0054147,0.0025401
5.5606,6.3695
9.8797,0.06029
0.091077,0.065161
0.080214,0.024113
0.0084942,0.008126
0.30792,0.9119
0.0034232,0.0037473
0.72997,0.60424
2.4783,0.46681
0.18212,0.50226
0.08958,0.039001
9.6301,5.8405
0.049511,0.087602
0.0049424,0.0023177
0.013202,0.025711
0.055552,0.073742
0.25499,0.59622
1.0988,2.0767
0.0066185,0.0048452
0.0054439,0.0049071
0.0045337,0.002546
0.18159,0.92248
0.88617,0.38521
0.0092982,0.0065688
0.0052128,0.0010119
8.1838e-05,0.008841
8.2393,3.7214
0.025531,0.092693
0.089145,0.036897
0.0091586,0.0090629
0.42675,0.50342
9.4859,0.26357
0.0027581,0.008963
0.43724,0.28396
0.039281,0.0079082
0.64385,0.33939
0.3182,0.1243
5.0099,6.4978
0.005009,0.0098876
0.10302,0.8331
0.24079,0.002311
0.7341,0.5981
0.0047029,0.0091283
0.58561,0.88372
9.0156,3.9332
0.0013757,0.0045173
0.45095,0.14232
0.064287,0.010485
0.0065284,0.00016886
3.6828,6.043
0.94909,0.63575
0.098778,0.083319
0.092689,0.0074445
0.04479,0.014062
0.0098637,0.0021103
0.38419,0.91169
8.9672,4.7659
0.78092,0.37231
4.8855,7.6092
0.064651,0.0060946
0.0053569,0.0068366
0.093164,0.024257
0.0060499,0.00019766
0.001139,0.00020481
0.15622,0.94649
0.6585,0.085986
0.00047373,0.0011414
0.083531,0.067947
8.9975,6.7997
0.0084346,0.0062652
0.81151,0.16633
0.25767,0.0092609
6.9105,3.6382
0.0087196,0.0087292
0.0060144,0.0030793
0.0020991,0.0052227
0.0012804,0.00045839
0.0016149,0.0067989
9.4498,6.714
6.5535,4.4606
0.075892,0.017727
0.60712,0.66708
0.050348,0.035004
0.0036741,0.0067488
0.0043999,0.0023271
0.0057537,0.0037783
0.0014827,0.0025442
0.0026427,0.04263
0.074421,0.068576
0.064972,0.041167
0.0039103,0.0095645
0.24653,0.13814
0.0098487,0.004138
0.002022,0.00048006
2.4081,1.3935
0.16836,0.6623
0.016014,0.095459
9.3311,7.3388
3.4267,4.3883
0.69102,0.92963
0.0047654,0.0036618
0.65617,0.18246
0.030304,0.052118
0.097006,0.066487
0.051934,0.092408
0.56282,0.011062
0.75666,0.50848
0.0098068,0.0075347
0.017962,0.010814
0.0066092,0.0017224
0.0031086,0.0027465
0.21578,0.10403
0.034744,0.021146
8.4151,7.266
0.074004,0.057328
0.001458,0.0040105
0.0057688,0.00071019
0.0088051,0.0022025
0.048297,0.06525
0.12429,0.17604
0.0099139,0.0087411
0.07227,0.032185
0.0032013,0.0092135
5.2085,5.0675
0.57552,0.46431
8.4796,0.61324
0.037618,0.097052
0.040989,0.57438
0.0079104,0.063732
0.95501,0.012466
0.0035997,0.0097254
7.0012,6.4325
0.0085849,0.0080665
0.0046405,0.0037623
2.9666,9.6836
0.098134,0.0057276
0.33386,0.99663
0.0078904,0.00065739
1.4611,2.2569
0.054683,0.092896
7.7704,3.0258
0.0060784,0.007295
0.0049007,0.0042031
6.9389e-05,0.0053004
0.54472,0.81425
3.9392,4.1222
0.0045263,0.0022184
0.0031215,0.0069757
0.77898,0.45112
0.11086,0.5842
0.014449,0.012674
9.5248,6.4142
0.0081005,0.0049521
0.38521,0.23483
0.0042515,7.3882e-05
0.10736,0.0010474
0.35275,0.7859
1.9042,1.6434
7.9807,2.4317
0.37106,0.25299
6.5119,7.3676
9.7071,0.03098
0.005737,0.0057534
0.0028685,0.005862
7.5339,6.0689
0.096576,0.023183
0.055589,0.78947
0.47588,0.39174
0.0094324,0.0010955
0.25886,0.51448
0.062147,0.012131
8.0683,6.8979
0.0061212,0.0021619
0.95103,0.50259
0.34136,0.39961
0.32391,0.66823
7.0171,1.3115
7.9106,0.61755
0.19777,0.59911
7.7905,1.9231
0.0026194,0.0076448
0.0095975,0.00053837
0.49961,0.018041
0.18739,6.7225
0.005854,0.0097696
0.0088297,0.0059892
0.097728,0.035436
0.025361,0.035179
0.0064964,0.0059745
0.0025678,0.0012333
0.094591,0.0528
0.0026916,0.0023722
0.067588,0.07205
0.0047494,0.024712
0.059571,0.084776
9.1266,3.6684
3.8925,0.37994
0.63591,0.085751
0.27867,0.023089
0.031375,0.12764
0.56621,0.21435
0.0089535,0.25155
0.0085968,0.0019599
0.066048,0.076912
0.08372,0.086274
7.0407,9.5146
0.0073513,0.0096411
0.0081514,0.0033447
0.07235,0.56022
0.0015357,0.0075459
0.083207,0.079149
0.0027468,0.0053112
0.0028234,0.0078044
0.006163,0.0055231
0.0033201,0.0023631
0.092484,0.083108
0.0027293,0.0093497
0.02845,0.46614
0.52071,0.8283
3.0352,5.2309
0.12904,0.64267
0.099723,0.082119
0.69469,0.21526
0.45725,0.22197
0.0053365,0.0088551
8.0918,0.90868
0.5635,0.22668
0.39541,0.55551
0.092221,0.086921
0.09054,0.016729
1.5711,9.8513
0.0037957,0.002552
4.016,9.5664
0.38974,0.40166
1.5351,6.9511
0.21533,0.18587
0.91331,0.067916
0.10049,0.06398
0.045532,0.00835
4.7748,4.5435
0.89056,0.23092
1.6239,1.9308
0.55681,0.91177
0.0092606,0.0044402
0.075026,6.5073
0.096099,0.06868
0.022586,0.073153
0.48967,0.77654
0.002299,0.0018296
4.2134,3.9314
0.55395,0.36097
8.6803,4.0394
0.68378,0.24637
0.027742,0.090707
0.0089445,0.043604
2.4924,3.1275
0.0096994,0.0076981
2.3208,4.5954
6.1413,8.5287
0.042396,0.077315
9.1733,5.8216
3.4748,6.1644
2.1696,1.1241
0.43844,0.70736
0.051031,0.050412
1.5618,2.0529
0.097292,0.047194
0.50908,0.16528
0.062292,0.033756
0.0086853,0.045044
3.0537,5.5906
4.0626,3.4129
6.6835,1.3408
0.0022027,0.0046957
0.0013397,0.0021629
0.99567,0.80696
0.056239,0.053267
0.0014684,0.012531
0.1447,0.31087
0.0017882,0.0090999
0.85238,0.3842
0.011204,0.020478
0.066104,0.099224
0.056327,0.05019
0.013249,0.046195
0.70511,0.25274
5.8754,8.3297
4.9062,3.0713
0.066204,0.094132
8.6388,4.2694
0.029795,0.0061701
0.077724,0.089292
0.23067,0.43535
0.085793,0.088038
0.07693,0.04253
0.0049477,0.0062676
0.59668,0.91454
9.4508,7.6884
9.7663,4.8225
0.0083844,0.0094726
0.00011816,0.0050494
0.0050557,0.0033313
0.028649,0.073658
0.026968,0.069525
9.493,9.2826
0.060957,0.029576
4.8994,4.442
0.008329,0.0040413
0.011434,0.028268
0.88683,0.17115
6.2915,1.0613
7.8681,2.072
8.458,0.64688
0.0018226,0.0036998
0.71126,0.55421
0.007487,0.0078416
0.0094048,0.017036
0.0096714,0.0067038
0.043072,0.040489
0.0023102,0.0079836
0.14881,0.91436
0.0013092,0.0022022
0.077707,0.0049733
3.7103,2.1004
0.0052259,0.0082819
0.81504,0.71001
0.0079982,0.0037013
0.40003,0.13794
7.6225,8.6566
0.0020527,0.0079082
0.87544,0.56501
3.9009,6.2543
0.07509,0.023306
0.84488,0.4513
0.071102,0.027403
6.5535,5.2286
0.050158,0.095299
7.601,1.9149
0.045875,0.037921
0.25788,0.74125
0.68386,0.79269
4.9925,1.4234
0.00097225,0.005858
2.882,2.3029
0.0058673,0.072645
0.81266,0.535
5.9968,1.2769
8.0976,2.7954
5.6862,6.1777
6.9287,3.853
3.5907,4.5515
0.076293,0.031629
2.6309,9.2911
0.0051707,0.0064595
0.008913,0.0058383
0.052369,0.25907
7.8728,9.9183
0.048987,0.066153
0.065471,0.07147
0.52085,0.13315
0.53606,0.14353
0.092653,0.039553
4.8764,5.769
0.56692,0.865
6.5277,9.6563
8.453,0.72608
0.0060096,0.0093881
9.5303,9.4389
0.0032921,0.0013329
0.058386,0.022987
2.1339,1.6189
0.15824,0.48651
8.0369,0.087419
4.1844,6.8019
0.96003,8.9098
0.0068256,0.0017878
0.077823,0.078002
2.3393,1.8024
6.0689,7.6509
0.064126,0.064744
0.00046261,0.079251
0.65324,4.3734
0.74697,0.45843
4.0546,4.3164
0.85868,0.31725
3.0659,7.8307
0.32439,0.77438
0.080731,0.037233
0.38208,0.91128
0.066178,0.011277
0.83047,0.047988
0.068461,0.050777
0.72907,0.9656
1.1501,5.4636
0.002527,0.0010826
0.068984,0.060192
0.4986,0.7846
0.0020457,0.0093986
0.0022095,0.00094242
7.4069,8.8338
0.045778,0.049064
0.014564,0.021801
3.9166,5.3291
0.46864,0.63632
0.015954,0.043581
0.065968,0.08586
5.3335,8.1272
0.048925,0.016334
0.16585,0.8839
0.44558,0.027003
9.1943,5.8371
0.13675,0.69674
0.0033345,0.0088976
0.018228,0.023559
0.21011,0.68319
4.6173,9.4423
0.007074,0.0026621
1.9106,8.3087
0.0030257,0.00091939
0.63028,0.28986
0.060505,0.090753
4.1719,7.7721
0.75718,0.062644
9.876,5.6294
2.0728,8.9185
0.0063017,0.0071326
0.026229,0.035377
0.42011,0.14211
0.0093699,0.0088373
0.083443,0.081362
0.0025572,0.00403
0.010456,0.079627
0.0020021,0.00952
0.0052496,0.0097044
3.4657,4.0288
0.20293,0.93518
0.99784,0.48707
0.0076294,0.063298
0.008286,0.0029022
5.7765,9.5949
0.0036045,0.0062312
0.043632,0.064898
0.0076205,0.0036595
0.028805,0.10844
8.0212,6.4588
0.071708,0.091279
0.00019594,0.0092857
0.011303,0.021189
0.0097827,0.0056263
0.052517,0.044747
0.6917,0.92465
0.50635,0.9652
0.55954,4.8257
0.0074123,0.00021817
0.30114,8.0044
0.79451,0.80333
0.50966,0.82649
0.046859,0.06551
0.00035124,0.0030518
0.025033,0.070924
0.0097496,0.0024774
3.9566e-05,0.0030887
5.6914,4.4754
0.13459,0.81261
0.86858,0.66392
8.9958,7.8462
5.8631,2.8479
0.065015,0.043903
0.002584,0.0043123
0.38414,0.062204
0.043905,0.0053206
0.81439,7.1194
0.061331,0.88245
0.77405,0.40286
0.0028971,0.00026387
0.66807,0.9096
0.052858,0.099648
0.0010546,0.0056994
1.6056,6.9139
0.081827,0.081463
5.0298,7.3847
0.5839,9.9548
8.8254,4.8648
0.069886,0.98823
0.54546,0.41202
0.060282,0.53219
6.2133,8.8131
0.062529,0.097155
0.0053677,0.0053157
0.65495,0.093573
0.5762,0.24562
0.0015269,0.0012339
0.0029829,0.0067509
0.0030757,0.0028105
0.067023,0.038034
0.156,2.7306
0.014148,0.037152
0.32314,0.56301
0.2996,0.15051
0.0036723,0.0016735
0.41646,0.54232
0.0031394,0.0062578
0.052671,0.084743
0.082599,0.087015
3.7812,9.2978
0.078885,0.25322
0.0077138,0.0046219
3.3317,5.5421
0.0081275,0.0059138
0.0056146,0.0013716
0.0060663,0.0017417
0.31709,3.7845
0.0087415,0.0060047
0.0051856,0.073844
9.4867,3.4808
0.034739,0.056377
0.19904,0.051344
0.062145,0.066474
0.007806,0.0067311
0.066315,0.077821
0.1459,0.11277
0.089432,0.087206
0.06189,0.060143
0.0062999,0.0083446
0.0042915,0.066718
0.28698,0.47594
0.05073,1.2306e-05
0.52279,0.65864
0.0019902,0.0084455
5.7595,2.1915
0.001449,0.0046991
0.08796,0.008964
0.86358,0.054585
0.076077,0.05675
0.0057314,0.0051924
5.2456,7.2034
6.9162,0.44954
0.97617,0.80433
0.0044903,0.0010106
2.0607,0.092513
7.8077,3.4163
0.79912,0.79389
0.0054672,0.00033185
0.0066812,0.00051193
0.0066062,0.006669
0.88987,0.42912
0.0012625,0.0034592
0.0064971,0.0047756
0.17205,0.8322
0.045731,0.041573
0.97559,0.75235
0.0025473,0.42839
0.036005,0.079804
5.3865,6.8336
4.7999,3.1661
0.014902,0.012958
0.6804,0.25411
0.018991,0.068725
3.5827,5.3718
0.20692,0.090177
0.0045461,0.0032347
0.0012999,0.020315
0.10446,6.1152
0.056683,0.00044229
6.3754,0.29192
0.0058883,0.0045848
3.1938,6.6989
0.0034393,0.0075637
0.002151,0.0082435
0.0069769,0.0099803
0.0073249,0.0072901
0.0010762,0.0058801
8.3751,1.7117
0.054368,0.060865
0.011712,0.90771
4.5271,7.0875
0.001553,0.0019203
9.1228,0.43915
0.26133,5.6175
2.4142,3.4393
0.63457,0.62256
0.77109,0.61911
0.36083,0.44966
0.16637,0.23876
2.1697,8.9986
0.42325,0.45935
3.0617,8.5715
0.086964,0.032998
0.0075683,0.0038014
0.0023342,0.0032782
0.031308,0.061397
0.069162,0.060886
0.80252,0.93703
0.10088,0.25576
0.0023193,0.0078061
0.027983,0.030794
8.794,7.5085
0.33307,0.0087573
0.0071111,0.00097034
0.70671,0.6981
0.61159,0.99894
0.074504,0.031571
0.075878,0.096288
0.00052316,0.0064995
0.090809,0.034045
0.66974,0.18675
0.0093984,0.001991
0.0061183,0.0076186
0.11524,0.0094433
8.2931,9.7316
0.30994,6.2092
0.0049966,0.0032316
2.0683,1.5764
2.4087,5.3645
0.098255,0.061096
3.141,2.4848
6.2303,6.2161
1.5101,7.2451
9.3944,6.1324
0.024821,0.085671
0.0020157,0.0028246
0.75171,7.7211
0.0082068,0.0083496
0.03808,0.099505
9.7691,7.4779
0.0049106,0.0080594
0.001039,0.073282
4.8913,0.25325
2.4655,8.2569
5.4775,7.9679
0.76103,0.6669
0.022548,0.045391
4.3108,3.9561
0.4562,0.77081
0.0059317,7.6208e-05
2.2904,7.6627
2.6861,4.8154
0.68239,0.68983
0.39774,0.54517
0.79231,0.30841
7.5848,1.7556
0.0061943,0.0015972
0.0063765,0.0043738
0.018779,0.064682
6.9295,1.3082
0.58628,0.49084
0.33907,0.53697
0.023942,0.0079944
0.0028099,0.00084878
1.1839,5.0528
0.0099848,0.00058624
8.3517,9.4417
6.8115,3.5264
0.049715,0.084187
6.9478,2.2972
0.047723,0.035562
0.79073,0.89251
0.076341,0.069145
6.2072,7.8523
0.35862,0.076544
7.0392,5.4554
2.4598,7.6165
0.1542,0.7718
5.9802,2.4564
0.0056172,0.0048512
0.0086438,0.075365
3.7471,8.2794
0.0091614,0.0025223
0.0092929,0.065865
0.0081734,0.008178
2.1435,9.1062
0.13102,0.063241
6.103,2.2832
0.00093855,0.0092307
0.020568,0.035502
0.04097,0.034422
6.0035,2.9959
0.0002626,0.038481
0.76014,0.97476
0.0035683,0.009347
1.3549,0.54628
0.0093194,0.0034947
0.29882,0.39423
0.0096028,0.00018639
0.26215,2.2935
3.609,2.0755
0.072657,0.027972
0.049838,0.077846
3.7464,9.8608
6.7616,9.851
0.83875,0.205
8.0146,6.3401
9.0057,9.8771
1.7616,2.0897
0.079225,0.38031
0.0067744,0.00048206
0.0030503,0.027395
0.0039757,0.00026105
1.1192,3.9127
0.081995,0.052881
0.98508,0.65494
0.0056413,0.0050569
3.6284,2.5897
0.54978,0.76748
0.002975,0.00065875
9.9941,9.3742
0.069814,0.065237
7.884,0.13366
0.91665,0.22965
0.49145,0.014607
0.75287,0.25733
0.2041,0.89192
0.0082565,0.0056601
0.59028,0.58277
9.0631,2.6755
0.062686,0.086469
0.0022748,0.0037884
0.05497,0.027508
0.067285,0.069609
1.0281,3.1519
2.8098,5.5767
0.32295,0.22404
1.5783,9.175
1.0863,1.2541
0.060399,0.0028379
0.0087136,0.0094153
0.44399,0.99594
0.33899,0.18166
0.58477,0.32555
0.031583,0.008911
1.5258,9.671
0.051208,0.085653
0.0062328,0.0009342
0.088397,0.0065404
0.075082,0.014925
0.0055876,0.0021475
9.43,1.0467
0.898,0.11464
7.304,0.67624
0.0078818,0.0082421
9.1308,0.31307
0.015427,0.034383
0.0097368,0.0095679
7.8563,6.4246
0.00054529,0.0053701
0.076904,0.088926
0.0053307,0.0051035
0.043617,0.045752
0.0070034,0.090006
0.068375,0.0074463
1.3147,3.1034
1.4889,6.7066
0.57559,0.80099
0.068143,0.067514
0.59463,0.85364
0.020724,0.029995
0.69473,0.48112
0.0099465,1.6398e-05
0.001685,0.0051252
0.081449,0.052226
0.0080137,0.0015093
0.063157,0.091726
0.19871,0.44782
0.72764,0.86326
0.075973,0.013332
6.5821,3.5796
0.057207,0.025207
0.032544,0.019845
0.058739,0.070038
0.0046255,0.0069803
0.0059978,0.0039126
6.3546,8.0993
3.3138,9.1583
0.0024938,0.008461
0.0074732,0.0019558
0.057972,0.087929
6.0757,0.94031
4.4797,1.0556
0.039062,0.018814
0.69519,0.63018
0.06356,0.034925
0.083943,0.06288
0.0050416,0.026521
0.060437,0.032284
5.9603,0.72355
0.49269,0.57452
0.52512,0.32474
9.2322,5.4392
0.052731,0.07654
0.11729,0.92526
0.7712,0.90613
0.053789,0.041509
0.34363,0.97294
6.2307,3.4542
0.0024991,0.00056495
0.36486,0.54969
7.4351,9.5235
7.0427,7.3808
0.62404,0.49144
0.53898,5.7482
0.0069569,0.0068567
0.021299,0.077844
0.4581,0.22156
0.5126,0.69847
3.481e-05,0.0084072
0.72248,0.29917
0.41026,0.087125
0.59374,0.047674
0.93825,0.21338
0.62652,0.49647
0.92678,0.88048
0.067289,0.63759
0.93866,0.51279
0.0099938,0.001919
0.03947,0.076797
0.25306,0.38512
0.024554,0.82346
0.051518,0.066917
0.047699,0.27625
0.075341,0.092038
0.076547,0.050451
0.0016305,0.0086867
9.1425e-05,0.0050775
0.043727,0.47182
0.061707,0.055341
0.0028614,0.0006271
0.00058927,0.0039483
0.58106,0.57526
0.050744,0.074259
0.075322,0.046162
0.036217,0.028121
0.0021366,0.0057799
0.0050901,0.0074198
0.83027,0.73877
0.019276,0.099121
0.0088395,0.0001822
0.19126,0.13257
7.1088,6.485
9.9722,0.26646
0.0097337,0.001511
0.014357,0.090512
0.0003235,0.003857
0.0034929,0.0025914
8.9774,4.7587
0.00065222,0.0048783
0.024766,0.086556
6.1626e-05,0.0012805
0.035061,0.0069967
4.6224,5.8885
0.003079,0.0023697
0.0037392,0.0082047
0.15697,0.15963
0.79051,0.4006
0.50767,0.68676
0.40065,0.10513
9.3049,8.9322
0.037562,0.074881
8.3131,5.0911
0.0038993,0.0087791
5.2062,5.2405
0.14342,0.33972
0.0033081,0.0093582
0.0028458,0.0076334
0.07119,0.0097945
0.10618,0.031099
0.013052,0.05793
0.070056,0.0085131
0.053063,0.012929
0.060202,0.073688
0.0090841,0.0074068
0.67576,0.96529
0.065527,0.0045867
0.11002,0.074003
0.0022958,0.0064233
0.05068,0.70919
0.0037865,0.0034185
0.17669,0.83016
7.5667,9.3817
0.22569,0.23535
0.02425,0.045862
0.23987,0.58628
0.0064299,0.0050271
0.009925,0.0095962
2.2391,7.3946
0.0051066,0.0085416
0.19589,0.93763
8.8959,6.5517
0.62743,0.68873
0.047751,0.07061
0.032018,0.053817
0.35269,1.0534
0.0052431,0.0080853
0.81711,0.77524
0.12075,0.92076
0.0064504,0.0048201
4.3152,9.2229
5.1422,4.2818
0.082994,0.96635
0.59319,7.8656
4.4967,2.4983
6.5916,6.5683
0.037873,0.058354
1.0084,4.7759
0.0031378,0.0088027
0.0081104,0.0087035
5.4941,9.5042
0.081717,0.018669
0.464,0.87227
0.064092,0.025601
6.3162,2.7211
0.34725,0.96869
0.0060317,0.0094743
1.2518,3.194
0.0022331,0.0068713
0.0089007,0.0082099
0.063228,0.051201
0.0038713,0.0011263
0.0086783,0.0020661
0.00065625,0.003497
0.0074246,0.079692
0.099637,0.037755
8.8576,9.6197
6.573,9.1201
0.0070137,0.0052882
0.044738,0.02377
0.0079937,0.0042731
8.0782,6.723
0.099215,0.037018
0.0069697,0.0002278
0.19325,0.37252
0.042535,0.035322
0.063217,0.086992
0.0040784,0.0024849
0.085755,0.019137
9.294e-05,0.0011123
3.071,1.7634
0.98445,0.76956
0.32324,0.35739
5.9605,2.5755
0.0021169,0.0032593
0.46079,0.51234
0.0098915,0.0068994
0.13799,0.27006
0.0044429,0.0057611
0.32377,0.56946
7.3135,6.5143
0.092594,0.076893
7.9808,9.0002
0.0025843,0.0068866
0.0078912,0.0033488
0.95583,8.3206
0.009002,0.056277
2.4305,1.5788
0.078335,0.040564
0.010936,0.098591
0.025062,0.06538
0.97254,0.34119
9.3514,2.6009
0.0084968,0.0025032
0.0029408,0.0011608
0.56177,0.32808
0.007146,0.060206
0.0032897,0.0071086
0.059356,0.066543
0.0082007,0.00046188
0.069151,0.0069948
0.12256,0.8066
0.037375,0.014303
0.42212,0.34921
0.42677,0.91158
0.29841,0.74495
0.0008766,0.0021881
0.0044592,0.0098413
0.44104,0.83068
3.6665,1.6775
0.0016481,0.0078261
4.5352,0.078104
0.0037216,0.0033113
0.09089,0.0316
5.3327,9.2293
0.053064,0.02941
0.033943,0.095713
0.0093526,0.0031131
0.0015408,0.0050751
0.016613,0.002535
9.4862,2.4107
0.0068934,0.0097867
5.5005,4.03
0.45995,0.22539
0.0032836,0.0012802
0.0072606,0.0011218
8.3119,8.862
1.1512,1.312
0.24907,0.97417
0.017097,0.066506
0.04833,0.065753
0.97588,0.44744
0.00098013,0.004705
0.0092038,0.0022308
0.0021843,0.00146
3.4952,3.076
0.049924,0.0062395
0.62514,0.27862
0.096086,0.093885
0.067098,0.071223
0.25543,0.85922
3.528,1.5032
0.0070936,0.0026754
0.00052799,0.0015898
0.0025108,0.007988
0.0042248,0.0078212
0.093373,0.057359
0.61928,0.053821
0.14028,0.80286
0.66232,0.84267
0.03291,0.035772
0.57394,0.077968
1.7253,1.4083
0.0060924,0.049223
0.082663,0.0076854
0.035918,0.023184
6.2008,4.61
0.0069979,0.0074533
0.76259,0.13528
0.40457,0.37962
0.15772,0.30148
0.0048529,0.0020972
0.0076201,0.0061804
7.8022,4.7605
9.7823,2.9021
0.070832,0.02705
0.0084622,0.0072117
0.045431,0.084154
0.0075442,0.0092459
0.00016959,0.025106
9.6355,4.753
9.8218,7.8535
0.9917,0.37113
9.2653,1.2998
0.033231,0.032106
2.5444,6.6176
0.0078233,0.0074649
0.75883,0.60977
0.13531,0.76186
0.0053667,0.00051465
0.0089766,0.0083157
0.021007,0.05249
0.015528,0.060222
0.53254,0.41876
8.8338,2.7733
3.0784,2.7223
0.0052504,0.0032405
0.098763,0.058398
0.50877,0.025139
0.00091791,0.0014234
0.31876,4.2124
0.53245,0.66965
0.0087153,0.09758
0.0010264,0.04258
0.035399,0.047239
0.083068,0.065768
0.68572,0.03808
0.77726,0.42476
0.8408,0.79137
0.0057283,0.0057044
0.0038398,0.0032424
0.034754,0.23328
0.050476,0.30181
0.04741,0.052165
0.097227,0.078617
0.00033595,0.0069733
0.047067,0.0044643
8.227,0.60305
0.51719,0.16075
0.0485,0.08134
0.045788,0.088154
0.41509,0.014905
0.0035842,0.0026958
0.0028196,0.0073022
0.0017944,0.030541
0.0012869,0.0097091
0.0064915,0.0060659
0.017578,0.082051
0.037312,0.05201
0.00055094,0.0099328
0.031382,0.089946
0.95452,0.96269
9.4644,6.9309
0.0026295,0.0041335
0.54,0.68579
0.045454,0.070667
0.0070064,0.0011687
0.077111,0.012933
7.3828,1.6111
0.06593,0.016117
7.6907,2.5389
0.0086388,0.003491
3.6489,3.1906
0.024249,0.080527
0.041514,0.018386
0.40203,0.46155
0.38587,0.31837
0.54357,0.15943
0.98027,0.69908
0.70107,0.80978
0.036265,0.092398
0.06818,0.021267
0.01682,0.037685
0.018507,0.090419
0.035528,0.08263
0.050097,0.048692
0.32226,0.81229
0.08766,0.03005
0.23338,0.85759
7.1225,7.1333
0.010112,0.092045
0.0059431,0.00869
0.16373,0.68739
0.006182,0.0086807
0.073446,0.096194
0.016022,0.029376
0.0027406,0.042626
0.078341,0.01198
0.010762,0.023984
2.0678e-05,0.0026237
6.861,9.2008
0.065465,0.09713
1.0163,7.7041
0.74724,0.09761
0.04089,0.017075
0.15247,0.75503
0.6688,0.94556
0.0058061,0.0017891
0.79144,6.449
0.049074,0.054125
0.0044393,0.0045036
0.06229,0.046118
0.0031313,0.035112
0.0019563,0.0084617
1.1022,0.15998
0.03979,0.028068
0.0053642,0.0081802
0.056141,0.027066
0.16274,0.61938
0.07435,0.0037806
0.00072726,0.0091022
0.0065296,0.00019712
5.7065,5.6089
0.93984,0.021462
0.75096,0.27899
1.0072,7.7242
4.9229,8.6016
0.70458,0.86412
0.010644,0.051503
0.06322,0.020739
0.80804,0.55887
0.45565,0.23438
0.0053362,0.0054447
2.8611,7.7296
0.21776,0.51741
0.073206,0.052024
0.43204,0.73136
0.98238,0.70865
2.0073,1.6993
0.0035904,0.00041313
0.0079956,0.0095173
0.0065814,0.0097692
0.048008,0.013078
6.9191,1.6113
2.1216e-05,0.023864
0.4093,0.41347
0.14834,0.48088
0.013755,0.016131
9.5065,6.0678
6.776,9.4022
4.4739,5.8347
0.023309,0.041729
0.033512,0.087186
9.0466,8.2077
5.6811,0.86413
0.66921,1.3967
6.3082,1.6518
0.21721,0.40201
0.9802,0.62104
0.0012936,0.066281
0.0086913,0.0037647
0.83444,0.54364
5.7026,8.038
0.033249,0.39959
7.8098,6.2323
0.00089071,0.0048869
0.31346,6.8567
0.0090671,0.0094136
0.0078621,0.0071092
0.095881,0.091877
0.54072,0.61045
0.17527,0.22171
0.0048931,0.0079266
1.4478,2.9358
3.921,5.162
0.0014938,0.003225
0.09204,0.00034282
0.0048415,0.0010198
0.79037,0.0085059
0.057471,0.082507
0.90334,0.96614
1.2505,4.5188
0.011851,0.09547
0.045844,0.046939
0.61431,0.8114
0.031859,0.31921
0.0096339,0.0058203
0.061845,0.089647
0.38433,0.8856
0.0016617,0.013211
0.71676,0.56875
0.0089917,0.0029408
0.15659,0.39542
0.96816,0.43334
0.034103,0.050021
0.99464,0.37891
5.2967,8.5224
0.0074918,0.033752
0.9677,2.6436
5.9757,9.0715
9.7303,0.39814
0.0025307,0.0013482
0.033116,0.087148
0.014053,0.076166
0.00049196,0.008323
0.0061925,0.0039595
0.091144,0.061954
9.174,2.5868
0.066852,0.0087626
4.2681,3.1151
0.63359,0.73122
0.31034,0.51945
0.41507,0.38887
0.037793,0.0090966
0.42641,0.84094
0.9198,0.5483
0.0015038,0.0030679
0.033414,0.056186
0.0095283,0.0069799
0.033812,0.039802
0.039655,0.33457
6.647,2.1893
6.8849,0.78461
0.65962,0.17629
0.69182,0.11342
0.8836,0.46254
0.0061477,0.0024062
0.07934,0.018613
0.061725,0.048521
0.17299,0.79
0.55918,0.81974
0.77099,0.5814
0.039738,0.018365
0.032117,0.028097
0.59863,0.0048606
0.99073,0.96272
0.0057344,0.0040061
0.049306,0.093433
6.9973,9.2306
9.0511,4.852
0.0036735,0.0099169
0.0095822,0.00098645
7.1278,0.77444
8.0509,5.3956
0.0013387,0.00069866
0.29137,0.43693
0.0073125,0.049115
0.0052807,0.0039557
0.094473,0.29631
0.78978,0.15969
4.0465,4.0316
0.46933,0.36749
0.034313,0.0020955
0.10851,0.39544
0.60118,0.89779
0.05694,0.032365
0.62888,6.6403
0.0032403,0.0043974
0.84799,0.13996
0.0014084,0.001542
6.5561,4.8726
0.42431,0.00020347
0.0092749,0.0087554
0.096334,0.076739
0.0083557,0.031007
3.9892,8.9504
1.1045,5.0657
0.024546,0.0078839
1.4647,8.9627
0.00066541,0.0088819
4.8751,0.16643
0.0006556,0.0028048
0.023138,0.047499
1.4154,5.4298
0.7684,0.41137
0.57667,1.5875
0.54568,0.42205
0.55292,0.95636
0.0076932,0.0077795
0.64049,0.25411
8.6939,2.2615
0.077151,0.069816
0.10509,0.98962
0.0089735,0.0019341
0.029618,0.094928
9.923,2.8002
0.40956,0.48206
0.55837,9.9926
0.012137,0.022914
0.0037441,0.0036879
0.037932,0.2674
0.0045252,0.0038439
0.098963,0.095556
1.5206,5.2833
2.8359,0.48955
0.030845,0.071653
0.70769,0.41547
0.91615,0.14128
6.3191,7.994
0.0092895,0.0030022
0.0029806,0.009569
0.72082,0.51222
0.0016517,0.0017134
0.0037332,0.009433
0.44846,0.9266
0.058774,0.058909
0.0079548,0.003001
0.24385,2.8088
0.04693,0.024299
0.091634,0.57147
0.22835,0.10086
0.67862,7.1276
9.863,8.6317
0.0088643,0.0046817
5.4887,6.5361
0.011565,0.064539
0.94203,0.037256
5.3285,6.6631
0.088702,0.028945
0.0035025,0.0093379
0.48533,0.93809
0.020449,0.041694
9.7035,9.7489
9.4723,6.9755
4.9197,9.2411
8.6941,0.41195
0.15404,0.40967
0.29363,0.67365
0.0095166,0.003408
0.083083,0.070148
8.1689,9.8242
0.0071419,0.0021769
0.54184,0.60407
0.0037723,0.0069446
2.5177,2.0767
0.08822,0.042336
0.20671,0.62607
0.0018728,0.00278
0.8676,0.37876
6.66,7.8864
5.3386,7.1263
0.68132,0.13077
0.83475,0.028607
0.072745,0.096942
0.062811,0.015539
0.81173,0.13446
0.0024927,0.0080208
0.083126,0.0074962
0.0071143,0.0072685
0.0055151,0.0015922
0.00040995,0.0027161
0.16136,0.46915
0.83878,0.32517
0.27342,0.85337
8.5127,8.4494
0.88359,0.88272
0.0047333,0.004916
2.8275,5.3054
5.8913,8.5334
0.0064539,0.84898
0.083262,0.64287
0.086522,0.016998
0.054196,0.019531
0.019127,0.0011851
0.0057447,0.0051465
1.9808,8.7881
2.5761,8.4098
0.06818,0.024358
0.029053,0.048458
0.0042458,0.0071795
0.27777,0.37622
0.53975,2.6572
0.075362,0.017578
0.084819,0.021862
0.0091784,0.0091698
0.18808,0.24989
0.0086762,0.0057595
2.8646,9.3263
6.84,1.9509
9.416,7.7378
5.6257,7.4814
2.8388,2.6279
0.56306,0.22739
0.0043175,0.0084905
9.1145,4.1066
0.0060049,0.0041749
5.2852,4.9644
0.57397,0.77567
0.0092672,0.057134
8.156,0.58147
0.0048363,0.015807
0.0083711,0.0050468
0.0073603,0.0093072
0.0891,0.043537
0.57522,0.75271
5.5537,9.1487
0.71756,0.62113
0.020559,0.047504
9.9136,4.4139
0.52392,0.77067
0.00052279,0.0038346
0.0078899,0.008703
0.048806,0.05352
0.0078573,0.0098171
0.019454,0.057206
0.77529,0.96337
0.66298,0.55945
0.0072134,0.0044037
0.0079509,0.015452
0.53837,0.74489
0.023001,0.014842
0.0018203,0.0096233
0.0088908,0.0082587
0.25226,0.1696
3.6385,8.1127
0.095477,0.063208
3.5231,7.6004
4.4699,0.33175
0.059797,0.20775
0.001134,0.00042869
0.00011429,0.00057122
5.6425,7.5987
1.6279,5.936
0.043802,0.082237
0.4193,2.4774
0.012508,3.8959
0.946,0.73773
7.8803,1.9471
0.039117,0.081904
0.080945,0.09497
0.47269,0.94488
0.0060008,0.0048043
0.09937,0.088167
0.071976,0.040357
0.33554,0.67778
0.030492,0.06521
0.0037782,0.0034569
2.494,0.7125
0.46654,0.14406
0.0011444,0.0017421
2.3744,2.5947
0.095634,0.042344
0.94212,0.74005
0.027859,0.043447
8.5277,8.245
0.020637,0.79194
9.6189,0.073566
0.0027109,0.0058842
5.3047,6.359
0.034232,0.39795
0.00060821,0.0033541
0.064044,0.030948
0.99367,0.3056
0.38713,0.12221
4.4968,8.1805
3.6271,5.1656
0.6128,0.17359
0.51725,0.96862
0.039125,0.43594
0.0070308,0.0057549
0.015295,0.02846
0.0034496,0.0082234
7.0236,4.4889
0.54733,0.38116
